{
    "SR709P7300": 0.0, 
    "SR709P6400": 0.106, 
    "SR709C6800": 0.152, 
    "SR709C6100": 0.154, 
    "SR709P7200": 0.0, 
    "SR801P6900": 0.14, 
    "SR709P6500": 0.078, 
    "SR709C6000": 0.133, 
    "SR801C6700": 0.146, 
    "SR709C6700": 0.12300000000000001, 
    "SR801P5700": 0.155, 
    "SR709P5700": 0.2, 
    "SR801C7400": 0.174, 
    "SR709C7000": 0.21100000000000002, 
    "SR709C6600": 0.092, 
    "SR709P7000": 0.244, 
    "SR801C6400": 0.14300000000000002, 
    "SR709C7100": 0.239, 
    "SR709P6300": 0.1, 
    "SR801C5900": 0.147, 
    "SR801C6500": 0.139, 
    "SR709C6500": 0.062, 
    "SR801P5800": 0.158, 
    "SR801C5800": 0.153, 
    "SR801C7100": 0.053, 
    "SR709C6400": 0.11199999999999999, 
    "SR709C7200": 0.267, 
    "SR801P5900": 0.149, 
    "SR801P7000": 0.0, 
    "SR801P6800": 0.139, 
    "SR801C5700": 0.154, 
    "SR801P6100": 0.146, 
    "SR709P6600": 0.0, 
    "SR709P6800": 0.0, 
    "SR801P6500": 0.139, 
    "SR709P6700": 0.0, 
    "SR709P6000": 0.098, 
    "SR801P6000": 0.145, 
    "SR709C5800": 0.0, 
    "SR709P6100": 0.065, 
    "SR801P6400": 0.14300000000000002, 
    "SR801P7100": 0.0, 
    "SR801C6200": 0.14, 
    "SR709C7300": 0.295, 
    "SR801C7000": 0.047, 
    "SR709P6200": 0.11199999999999999, 
    "SR801C6300": 0.14, 
    "SR709C5900": 0.0, 
    "SR709C6300": 0.105, 
    "SR801C7300": 0.065, 
    "SR709C6200": 0.11599999999999999, 
    "SR709P5900": 0.132, 
    "SR801P6700": 0.14300000000000002, 
    "SR801C6000": 0.14300000000000002, 
    "SR709P6900": 0.21600000000000003, 
    "SR801C7200": 0.161, 
    "SR801P7400": 0.0, 
    "SR709P5800": 0.166, 
    "SR801P7300": 0.0, 
    "SR801C6100": 0.145, 
    "SR801C6800": 0.14400000000000002, 
    "SR801P7200": 0.212, 
    "SR801C6600": 0.141, 
    "SR801C6900": 0.147, 
    "SR709C5700": 0.0, 
    "SR801P6600": 0.14, 
    "SR709P7100": 0.272, 
    "SR801P6300": 0.14, 
    "SR801P6200": 0.141, 
    "SR709C6900": 0.182
}